_id,name,street, city, zip
67bde0b313e1bd60de3acc94,sterling main cls, 123 street, sterling,20167
67bde0b313e1bd60de3acc95,midtown cls, 8584 alabama street, newyork,10001
67bde0b313e1bd60de3acc96,main branch cls, 123 main street, newyork,10033
67bdf74419d44e6188a308ae,sterling main cls, 123 street, sterling,20167
67bdf74419d44e6188a308af,midtown cls, 8584 alabama street, newyork,10001
67bdf74419d44e6188a308b0,main branch cls, 123 main street, newyork,10033
67be40d4d52a2729f8240162,sterling main cls, 123 street, sterling,20167
67be40d4d52a2729f8240163,midtown cls, 8584 alabama street, newyork,10001
67be40d4d52a2729f8240164,main branch cls, 123 main street, newyork,10033
67be414832a18a6abf2e9666,sterling main cls, 123 street, sterling,20167
67be414832a18a6abf2e9667,midtown cls, 8584 alabama street, newyork,10001
67be414832a18a6abf2e9668,main branch cls, 123 main street, newyork,10033
67be45a8073687961b12d268,sterling main cls, 123 street, sterling,20167
67be45a8073687961b12d269,midtown cls, 8584 alabama street, newyork,10001
67be45a8073687961b12d26a,main branch cls, 123 main street, newyork,10033
67be4604046914117d4741d2,sterling main cls, 123 street, sterling,20167
67be4604046914117d4741d3,midtown cls, 8584 alabama street, newyork,10001
67be4604046914117d4741d4,main branch cls, 123 main street, newyork,10033
67be463019db9edc3204c642,sterling main cls, 123 street, sterling,20167
67be463019db9edc3204c643,midtown cls, 8584 alabama street, newyork,10001
67be463019db9edc3204c644,main branch cls, 123 main street, newyork,10033
67bf814c35935fad47b33fba,Madison main cls, 123 street, Madison,39157
67bf814c35935fad47b33fbb,midtown cls, 8584 alabama street, newyork,10001
67bf814c35935fad47b33fbc,main branch cls, 123 main street, newyork,10033
67bf87f93185d15322a0bdc1,Madison main cls, 123 street, Madison,39157
67bf87f93185d15322a0bdc2,midtown cls, 8584 alabama street, newyork,10001
67bf87f93185d15322a0bdc3,main branch cls, 123 main street, newyork,10033
67bf88184797611d30437b61,sterling main cls, 123 street, sterling,20167
67bf88184797611d30437b62,midtown cls, 8584 alabama street, newyork,10001
67bf88184797611d30437b63,main branch cls, 123 main street, newyork,10033
67bf88426906c76078c74a86,sterling main cls, 123 street, sterling,20167
67bf88426906c76078c74a87,midtown cls, 8584 alabama street, newyork,10001
67bf88426906c76078c74a88,main branch cls, 123 main street, newyork,10033
67bf893ac4ef86f41ed89621,Madison main cls, 123 street, Madison,39157
67bf893ac4ef86f41ed89622,midtown cls, 8584 alabama street, newyork,10001
67bf893ac4ef86f41ed89623,main branch cls, 123 main street, newyork,10033
67bf894b7911003bd9b9c954,Madison main cls, 123 street, Madison,39157
67bf894b7911003bd9b9c955,midtown cls, 8584 alabama street, newyork,10001
67bf894b7911003bd9b9c956,main branch cls, 123 main street, newyork,10033
67bf92de703ff2d89d313ec4,Madison main cls, 123 street, Madison,39157
67bf92de703ff2d89d313ec5,midtown cls, 8584 alabama street, newyork,10001
67bf92de703ff2d89d313ec6,main branch cls, 123 main street, newyork,10033
